{"cameraMode":{"drawMode":0,"name":"Shaded","section":"Shading Mode"},"sceneLighting":true,"audioPlay":false,"sceneViewState":{"m_AlwaysRefresh":false,"showFog":true,"showSkybox":true,"showFlares":true,"showImageEffects":true,"showParticleSystems":true,"showVisualEffectGraphs":true,"m_FxEnabled":true},"in2DMode":false,"pivot":{"x":13.328309059143067,"y":-1.7133398056030274,"z":-17.329139709472658},"rotation":{"x":0.05646368861198425,"y":-0.8281243443489075,"z":0.5513521432876587,"w":0.08471792936325073},"size":40.32585906982422,"orthographic":true}