{"cameraMode":{"drawMode":0,"name":"Shaded","section":"Shading Mode"},"sceneLighting":true,"audioPlay":false,"sceneViewState":{"m_AlwaysRefresh":false,"showFog":true,"showSkybox":true,"showFlares":true,"showImageEffects":true,"showParticleSystems":true,"showVisualEffectGraphs":true,"m_FxEnabled":true},"in2DMode":false,"pivot":{"x":5.650691032409668,"y":-3.8145580291748049,"z":9.323623657226563},"rotation":{"x":0.22537079453468324,"y":0.02484091743826866,"z":-0.00574849545955658,"w":0.9739409685134888},"size":12.28819751739502,"orthographic":true}