{"cameraMode":{"drawMode":0,"name":"Shaded","section":"Shading Mode"},"sceneLighting":true,"audioPlay":false,"sceneViewState":{"m_AlwaysRefresh":false,"showFog":true,"showSkybox":true,"showFlares":true,"showImageEffects":true,"showParticleSystems":true,"showVisualEffectGraphs":true,"m_FxEnabled":true},"in2DMode":false,"pivot":{"x":-5.733100891113281,"y":0.2674602270126343,"z":-10.421722412109375},"rotation":{"x":-0.0194050632417202,"y":-0.6776736378669739,"z":0.017893681302666665,"w":-0.7349027991294861},"size":11.306923866271973,"orthographic":true}